sim_time_us,node_id,event,peer,detail
10740184,30,LIST,0x0001,
10743472,34,LIST,0x0001,
11149361,38,LIST,0x0001,
11231900,34,LIST,0x0014,
11642229,38,LIST,0x0014,
11962013,1,EOL,0x0026,
13907616,22,LIST,0x0001,
13912803,20,LIST,0x0001,
14017852,1,EOL,0x0016,
15312899,22,ADD,0x0001,
16852792,1,EOL,0x0014,
17202717,20,ADD,0x0001,
17483456,1,CELL_ALLOC,0x0014,slot=9 ch=2 dir=Receive
17497533,1,SUCCESS,0x0014,
17948558,1,CELL_ALLOC,0x0016,slot=14 ch=15 dir=Receive
17962707,1,SUCCESS,0x0016,
27102044,20,CELL_ALLOC,0x0001,slot=9 ch=2 dir=Transmit
27417181,22,CELL_ALLOC,0x0001,slot=14 ch=15 dir=Transmit
30817340,34,LIST,0x0001,
30862541,1,EOL,0x0022,
31309962,34,LIST,0x0014,
31343718,20,EOL,0x0022,
31532160,34,ADD,0x0001,
31662134,1,CELL_ALLOC,0x0022,slot=7 ch=2 dir=Receive
31676093,1,SUCCESS,0x0022,
32068175,30,ADD,0x0001,
32457113,34,CELL_ALLOC,0x0001,slot=7 ch=2 dir=Transmit
36881941,1,SUCCESS,0x001e,
37032187,30,CELL_ALLOC,0x0001,slot=17 ch=9 dir=Transmit
37045135,30,SUCCESS,0x0001,
37494663,1,CELL_ALLOC,0x001e,slot=17 ch=9 dir=Receive
37736598,38,ADD,0x0001,
37848318,1,SUCCESS,0x0026,
37981042,38,CELL_ALLOC,0x0001,slot=1 ch=1 dir=Transmit
37993986,38,SUCCESS,0x0001,
38144986,30,LIST,0x0001,
38198878,1,CELL_ALLOC,0x0026,slot=1 ch=1 dir=Receive
38411815,1,EOL,0x001e,
49340425,1,LIST,0x0026,
49447386,38,EOL,0x0001,
61266659,38,LIST,0x0014,
61417825,20,EOL,0x0026,
87725677,20,LIST,0x0022,
87877890,34,EOL,0x0014,
131091063,15,LIST,0x001e,
131095813,9,LIST,0x001e,
131097979,24,LIST,0x001e,
131199094,30,EOL,0x000f,
131548785,15,ADD,0x001e,
131588432,9,LIST,0x0018,
131590612,24,LIST,0x0009,
131830217,30,CELL_ALLOC,0x000f,slot=16 ch=6 dir=Receive
131844298,30,SUCCESS,0x000f,
132308286,30,EOL,0x0009,
132458697,24,EOL,0x0009,
136703633,30,EOL,0x0018,
137018364,9,EOL,0x0018,
137517870,15,CELL_ALLOC,0x001e,slot=16 ch=6 dir=Transmit
138164378,24,ADD,0x001e,
138445372,30,CELL_ALLOC,0x0018,slot=15 ch=4 dir=Receive
138459447,30,SUCCESS,0x0018,
139092947,24,CELL_ALLOC,0x001e,slot=15 ch=4 dir=Transmit
139424100,9,ADD,0x001e,
139546761,30,CELL_ALLOC,0x0009,slot=13 ch=7 dir=Receive
139567475,30,SUCCESS,0x0009,
139722942,9,CELL_ALLOC,0x001e,slot=13 ch=7 dir=Transmit
172996273,15,LIST,0x0026,
173094350,38,EOL,0x000f,
184019713,17,LIST,0x0016,
184512202,17,LIST,0x0018,
185528749,22,EOL,0x0011,
185843847,24,EOL,0x0011,
186044451,17,ADD,0x0016,
186474665,22,CELL_ALLOC,0x0011,slot=13 ch=3 dir=Receive
186488654,22,SUCCESS,0x0011,
186658444,17,CELL_ALLOC,0x0016,slot=13 ch=3 dir=Transmit
189250360,22,LIST,0x0011,
189308623,17,EOL,0x0016,
220606112,1,LIST,0x0014,
220660049,20,EOL,0x0001,
222460841,18,LIST,0x0011,
222462220,12,LIST,0x0011,
222864385,17,EOL,0x000c,
222953442,18,LIST,0x000c,
222954826,12,LIST,0x0012,
223179470,18,EOL,0x000c,
224589371,17,EOL,0x0012,
224903884,12,EOL,0x0012,
225105285,18,ADD,0x0011,
225220298,17,CELL_ALLOC,0x0012,slot=12 ch=8 dir=Receive
225234369,17,SUCCESS,0x0012,
225403619,18,CELL_ALLOC,0x0011,slot=12 ch=8 dir=Transmit
225573680,12,ADD,0x0011,
225707268,17,CELL_ALLOC,0x000c,slot=10 ch=11 dir=Receive
225721263,17,SUCCESS,0x000c,
225868921,12,CELL_ALLOC,0x0011,slot=10 ch=11 dir=Transmit
231285630,24,LIST,0x0011,
231317948,26,LIST,0x000f,
231369218,17,EOL,0x0018,
231519349,15,EOL,0x001a,
231719812,26,ADD,0x000f,
231835574,15,CELL_ALLOC,0x001a,slot=15 ch=10 dir=Receive
231849602,15,SUCCESS,0x001a,
232018795,26,CELL_ALLOC,0x000f,slot=15 ch=10 dir=Transmit
232886858,17,LIST,0x000c,
233573975,12,EOL,0x0011,
246004833,30,LIST,0x0026,
246174772,38,EOL,0x001e,
265344762,38,LIST,0x001e,
265389879,30,EOL,0x0026,
276147161,37,LIST,0x0012,
276249516,18,EOL,0x0025,
276639738,37,LIST,0x000c,
277194692,12,EOL,0x0025,
277395099,37,ADD,0x0012,
277510747,18,CELL_ALLOC,0x0025,slot=11 ch=3 dir=Receive
277524775,18,SUCCESS,0x0025,
277694125,37,CELL_ALLOC,0x0012,slot=11 ch=3 dir=Transmit
285254468,26,LIST,0x0026,
287275005,38,EOL,0x001a,
299255557,20,LIST,0x0026,
299410170,38,EOL,0x0014,
303250163,10,LIST,0x0012,
303655072,18,EOL,0x000a,
303856751,10,ADD,0x0012,
303971215,18,CELL_ALLOC,0x000a,slot=10 ch=10 dir=Receive
303985269,18,SUCCESS,0x000a,
304154388,10,CELL_ALLOC,0x0012,slot=10 ch=10 dir=Transmit
305329525,12,LIST,0x0025,
305335971,18,LIST,0x0025,
306489613,37,EOL,0x0012,
307434713,37,EOL,0x000c,
334377452,22,ADD,0x0011,
334555702,17,SUCCESS,0x0016,
334774883,22,CELL_ALLOC,0x0011,slot=19 ch=0 dir=Transmit
334787897,22,SUCCESS,0x0011,
334901458,17,CELL_ALLOC,0x0016,slot=19 ch=0 dir=Receive
385028431,39,LIST,0x000a,
385090064,10,EOL,0x0027,
385279263,39,ADD,0x000a,
385406024,10,CELL_ALLOC,0x0027,slot=9 ch=0 dir=Receive
385421325,10,SUCCESS,0x0027,
386999547,39,CELL_ALLOC,0x000a,slot=9 ch=0 dir=Transmit
391559414,15,LIST,0x001a,
391705476,26,EOL,0x000f,
391841074,1,LIST,0x0016,
392020393,22,EOL,0x0001,
393464315,10,LIST,0x0027,
393601673,39,EOL,0x000a,
394470410,2,LIST,0x0011,
394694511,17,EOL,0x0002,
394962845,2,LIST,0x0016,
395006463,22,EOL,0x0002,
395206639,2,ADD,0x0011,
395325464,17,CELL_ALLOC,0x0002,slot=9 ch=15 dir=Receive
395340143,17,SUCCESS,0x0002,
395505149,2,CELL_ALLOC,0x0011,slot=9 ch=15 dir=Transmit
404376884,17,LIST,0x0012,
404455558,18,EOL,0x0011,
415359707,22,LIST,0x0002,
415480391,2,EOL,0x0016,
417521425,6,LIST,0x001a,
417685822,26,EOL,0x0006,
417886523,6,ADD,0x001a,
418002010,26,CELL_ALLOC,0x0006,slot=14 ch=11 dir=Receive
418016135,26,SUCCESS,0x0006,
418185308,6,CELL_ALLOC,0x001a,slot=14 ch=11 dir=Transmit
437458559,30,LIST,0x000f,
437530634,15,EOL,0x001e,
439603202,27,LIST,0x0006,
440050999,6,EOL,0x001b,
440251437,27,ADD,0x0006,
440366909,6,CELL_ALLOC,0x001b,slot=13 ch=7 dir=Receive
440380903,6,SUCCESS,0x001b,
440550339,27,CELL_ALLOC,0x0006,slot=13 ch=7 dir=Transmit
449984188,6,LIST,0x001b,
450130843,27,EOL,0x0006,
453041086,9,LIST,0x001e,
453521244,30,EOL,0x0009,
457746627,26,LIST,0x0006,
457856113,6,EOL,0x001a,
461603833,8,LIST,0x0022,
462309492,34,LIST,0x0001,
462570471,1,EOL,0x0022,
464621012,34,EOL,0x0008,
464821342,8,ADD,0x0022,
464936905,34,CELL_ALLOC,0x0008,slot=6 ch=8 dir=Receive
464950934,34,SUCCESS,0x0008,
465120239,8,CELL_ALLOC,0x0022,slot=6 ch=8 dir=Transmit
469907287,38,LIST,0x000f,
469975785,15,EOL,0x0026,
480355488,18,LIST,0x000a,
480541700,10,EOL,0x0012,
480542775,31,LIST,0x0009,
480686272,9,EOL,0x001f,
481031793,31,LIST,0x0027,
481167373,39,EOL,0x001f,
481355975,31,ADD,0x0009,
481482594,9,CELL_ALLOC,0x001f,slot=12 ch=11 dir=Receive
481496653,9,SUCCESS,0x001f,
481657588,31,CELL_ALLOC,0x0009,slot=12 ch=11 dir=Transmit
497859441,25,LIST,0x0006,
498011638,6,EOL,0x0019,
498355172,25,LIST,0x001b,
499271454,27,EOL,0x0019,
499472395,25,ADD,0x0006,
499587773,6,CELL_ALLOC,0x0019,slot=12 ch=15 dir=Receive
499601832,6,SUCCESS,0x0019,
499771095,25,CELL_ALLOC,0x0006,slot=12 ch=15 dir=Transmit
505067220,23,LIST,0x0022,
505106886,34,EOL,0x0017,
505659578,23,LIST,0x0008,
505736670,8,EOL,0x0017,
505925718,23,ADD,0x0022,
506053019,34,CELL_ALLOC,0x0017,slot=5 ch=9 dir=Receive
506067092,34,SUCCESS,0x0017,
506700706,23,CELL_ALLOC,0x0022,slot=5 ch=9 dir=Transmit
513289695,27,LIST,0x0019,
513446575,25,EOL,0x001b,
513519854,24,LIST,0x001e,
513734607,30,EOL,0x0018,
517477848,8,LIST,0x0017,
517541297,23,EOL,0x0008,
518380586,6,ADD,0x001b,
518516932,27,SUCCESS,0x0006,
518743229,6,CELL_ALLOC,0x001b,slot=11 ch=15 dir=Transmit
518756247,6,SUCCESS,0x001b,
519054647,27,CELL_ALLOC,0x0006,slot=11 ch=15 dir=Receive
541960762,35,LIST,0x0006,
542277331,6,EOL,0x0023,
542466610,35,ADD,0x0006,
543688156,6,CELL_ALLOC,0x0023,slot=10 ch=9 dir=Receive
543702390,6,SUCCESS,0x0023,
543871069,35,CELL_ALLOC,0x0006,slot=10 ch=9 dir=Transmit
545568795,39,LIST,0x001f,
545741789,31,EOL,0x0027,
561817072,1,LIST,0x0022,
561956611,34,EOL,0x0001,
566721564,20,LIST,0x0001,
566862172,1,EOL,0x0014,
567654079,10,ADD,0x0027,
567818791,39,SUCCESS,0x000a,
568132150,10,CELL_ALLOC,0x0027,slot=1 ch=15 dir=Transmit
568145164,10,SUCCESS,0x0027,
568362464,39,CELL_ALLOC,0x000a,slot=1 ch=15 dir=Receive
569261883,17,LIST,0x0002,
569367883,2,EOL,0x0011,
570259041,12,LIST,0x0011,
570342338,17,EOL,0x000c,
578910238,25,LIST,0x0023,
578967009,35,EOL,0x0019,
594320557,31,LIST,0x0013,
594401856,19,EOL,0x001f,
595775193,19,LIST,0x001f,
595827314,31,EOL,0x0013,
596016546,19,ADD,0x001f,
596293422,31,CELL_ALLOC,0x0013,slot=11 ch=10 dir=Receive
596307483,31,SUCCESS,0x0013,
596476610,19,CELL_ALLOC,0x001f,slot=11 ch=10 dir=Transmit
612174366,35,LIST,0x0019,
612207450,25,EOL,0x0023,
618735139,30,LIST,0x0009,
618822165,9,EOL,0x001e,
623329198,15,LIST,0x001e,
623745365,30,EOL,0x000f,
624752069,9,LIST,0x0018,
624807457,24,EOL,0x0009,
647379326,26,LIST,0x000f,
647601622,15,EOL,0x001a,
653150682,13,LIST,0x0023,
653472715,35,EOL,0x000d,
653661859,13,ADD,0x0023,
653788673,35,CELL_ALLOC,0x000d,slot=9 ch=4 dir=Receive
653804016,35,SUCCESS,0x000d,
653963726,13,CELL_ALLOC,0x0023,slot=9 ch=4 dir=Transmit
655818817,14,LIST,0x0008,
655993051,8,EOL,0x000e,
656972588,14,ADD,0x0008,
657088450,8,CELL_ALLOC,0x000e,slot=5 ch=6 dir=Receive
657102450,8,SUCCESS,0x000e,
657271712,14,CELL_ALLOC,0x0008,slot=5 ch=6 dir=Transmit
664750252,22,LIST,0x0001,
665217888,1,EOL,0x0016,
668985596,6,LIST,0x0019,
669057559,25,EOL,0x0006,
672219863,38,LIST,0x001a,
672372795,26,EOL,0x0026,
674427049,30,LIST,0x0001,
674716743,1,EOL,0x001e,
674922435,30,LIST,0x0026,
675042612,38,EOL,0x001e,
675440785,30,LIST,0x0018,
675522680,24,EOL,0x001e,
675710749,30,ADD,0x0001,
675977625,1,CELL_ALLOC,0x001e,slot=20 ch=7 dir=Receive
675991760,1,SUCCESS,0x001e,
676181954,30,CELL_ALLOC,0x0001,slot=20 ch=7 dir=Transmit
702757675,18,LIST,0x0011,
703082398,17,EOL,0x0012,
704423131,8,LIST,0x000e,
704652603,14,EOL,0x0008,
711807193,16,ADD,0x0017,
712880248,23,SUCCESS,0x0010,
713027493,16,CELL_ALLOC,0x0017,slot=4 ch=13 dir=Transmit
713040469,16,SUCCESS,0x0017,
713308292,23,CELL_ALLOC,0x0010,slot=4 ch=13 dir=Receive
713316538,21,LIST,0x0013,
713472955,19,EOL,0x0015,
713673467,21,ADD,0x0013,
713789012,19,CELL_ALLOC,0x0015,slot=10 ch=14 dir=Receive
713803011,19,SUCCESS,0x0015,
713972405,21,CELL_ALLOC,0x0013,slot=10 ch=14 dir=Transmit
733174491,12,LIST,0x0012,
733318244,18,EOL,0x000c,
735481442,34,LIST,0x0014,
735522933,20,EOL,0x0022,
745065697,16,LIST,0x0017,
745399659,23,EOL,0x0010,
746636723,17,LIST,0x0016,
746789066,22,EOL,0x0011,
750893725,5,LIST,0x0008,
750958511,8,EOL,0x0005,
751158789,5,ADD,0x0008,
751274535,8,CELL_ALLOC,0x0005,slot=4 ch=13 dir=Receive
751288589,8,SUCCESS,0x0005,
751447235,5,CELL_ALLOC,0x0008,slot=4 ch=13 dir=Transmit
752845304,14,LIST,0x0005,
754676756,23,LIST,0x0010,
754738030,16,EOL,0x0017,
756354289,39,LIST,0x000a,
756494787,10,EOL,0x0027,
757516152,27,LIST,0x0006,
758445004,6,EOL,0x001b,
761398838,40,LIST,0x000e,
761548389,2,LIST,0x0011,
761833988,14,EOL,0x0028,
761854211,17,EOL,0x0002,
761888235,40,LIST,0x0005,
762148967,5,EOL,0x0028,
762337993,40,ADD,0x000e,
762465015,14,CELL_ALLOC,0x0028,slot=4 ch=10 dir=Receive
762479123,14,SUCCESS,0x0028,
762621982,40,CELL_ALLOC,0x000e,slot=4 ch=10 dir=Transmit
769975279,37,LIST,0x0012,
770084066,18,EOL,0x0025,
771948219,16,ADD,0x0017,
773307544,10,LIST,0x0012,
773528938,18,EOL,0x000a,
773783530,23,SUCCESS,0x0010,
773978907,16,CELL_ALLOC,0x0017,slot=6 ch=12 dir=Transmit
773991906,16,SUCCESS,0x0017,
774436516,23,CELL_ALLOC,0x0010,slot=6 ch=12 dir=Receive
778705949,1,LIST,0x001e,
778843860,30,EOL,0x0001,
780150898,35,LIST,0x000d,
780253440,13,EOL,0x0023,
784414702,30,DELETE,0x0001,
784658418,1,SUCCESS,0x001e,
792508534,19,LIST,0x0015,
792538513,21,EOL,0x0013,
793835967,20,LIST,0x0022,
794050134,34,EOL,0x0014,
800998201,15,LIST,0x0026,
801043763,38,EOL,0x000f,
801129231,24,LIST,0x0009,
801673632,9,EOL,0x0018,
802059151,28,LIST,0x0026,
802548274,28,LIST,0x000d,
804896842,30,LIST,0x000f,
805201517,15,EOL,0x001e,
805312744,13,EOL,0x001c,
805490667,30,ADD,0x0001,
805619403,38,EOL,0x001c,
805758658,1,CELL_ALLOC,0x001e,slot=20 ch=8 dir=Receive
805772802,1,SUCCESS,0x001e,
806599220,28,ADD,0x0026,
807195964,38,CELL_ALLOC,0x001c,slot=20 ch=0 dir=Receive
807210121,38,SUCCESS,0x001c,
808007482,30,CELL_ALLOC,0x0001,slot=20 ch=8 dir=Transmit
808792230,28,CELL_ALLOC,0x0026,slot=20 ch=0 dir=Transmit
811822422,9,LIST,0x001f,
811918611,31,EOL,0x0009,
811955717,13,LIST,0x001c,
812234341,28,EOL,0x000d,
812432369,13,ADD,0x001c,
812699821,28,CELL_ALLOC,0x000d,slot=19 ch=10 dir=Receive
812730089,28,SUCCESS,0x000d,
812873794,13,CELL_ALLOC,0x001c,slot=19 ch=10 dir=Transmit
824799030,5,LIST,0x0028,
824834164,40,EOL,0x0005,
831699823,33,LIST,0x000d,
831765413,13,EOL,0x0021,
831956821,33,ADD,0x000d,
832081237,13,CELL_ALLOC,0x0021,slot=7 ch=8 dir=Receive
832095290,13,SUCCESS,0x0021,
832248380,33,CELL_ALLOC,0x000d,slot=7 ch=8 dir=Transmit
838394783,26,LIST,0x0026,
838529315,38,EOL,0x001a,
854966056,13,LIST,0x0021,
855074281,33,EOL,0x000d,
866367233,31,LIST,0x0009,
866475305,9,EOL,0x001f,
876370966,25,LIST,0x0006,
876559559,6,EOL,0x0019,
881952260,16,DELETE,0x0017,
882144798,23,SUCCESS,0x0010,
886515503,6,LIST,0x0023,
886579008,35,EOL,0x0006,
887622399,13,DELETE,0x0023,
887675354,35,SUCCESS,0x000d,
888661081,38,LIST,0x001c,
888779549,28,EOL,0x0026,
894126375,22,LIST,0x0011,
894299577,17,EOL,0x0016,
895968351,8,LIST,0x0005,
896024617,5,EOL,0x0008,
904423582,30,DELETE,0x0001,
904674323,1,SUCCESS,0x001e,
910638700,1,ADD,0x001e,
910856018,30,SUCCESS,0x0001,
910989999,1,CELL_ALLOC,0x001e,slot=19 ch=11 dir=Transmit
911006814,1,SUCCESS,0x001e,
911362482,30,CELL_ALLOC,0x0001,slot=19 ch=11 dir=Receive
913530725,11,LIST,0x0028,
913666525,40,EOL,0x000b,
916219847,11,ADD,0x0028,
916500956,40,CELL_ALLOC,0x000b,slot=3 ch=7 dir=Receive
916514956,40,SUCCESS,0x000b,
916594559,4,LIST,0x0021,
916649666,33,EOL,0x0004,
916668194,33,LIST,0x0004,
916833966,11,CELL_ALLOC,0x0028,slot=3 ch=7 dir=Transmit
916850076,4,ADD,0x0021,
917909466,4,EOL,0x0021,
918855582,33,CELL_ALLOC,0x0004,slot=6 ch=15 dir=Receive
918869598,33,SUCCESS,0x0004,
919354127,4,CELL_ALLOC,0x0021,slot=6 ch=15 dir=Transmit
933747184,30,LIST,0x0009,
933824596,9,EOL,0x001e,
943587271,12,LIST,0x0025,
943739636,37,EOL,0x000c,
947770707,40,LIST,0x000b,
947834688,11,EOL,0x0028,
948464919,39,LIST,0x001f,
948629985,31,EOL,0x0027,
954562394,18,LIST,0x000c,
954614733,12,EOL,0x0012,
954872754,20,LIST,0x0026,
954930403,38,EOL,0x0014,
967484980,27,LIST,0x0019,
967530093,25,EOL,0x001b,
972658566,35,LIST,0x0006,
972916600,6,EOL,0x0023,
977407878,14,LIST,0x0028,
977444934,40,EOL,0x000e,
982582099,17,LIST,0x0018,
982650325,24,EOL,0x0011,
983071831,2,LIST,0x0016,
983115861,22,EOL,0x0002,
985924603,5,LIST,0x000e,
986115566,14,EOL,0x0005,
1002484788,15,LIST,0x001a,
1002645018,26,EOL,0x000f,
1008304966,24,LIST,0x0011,
1008491940,17,EOL,0x0018,
1010635420,41,LIST,0x0005,
1012725570,5,EOL,0x0029,
1012931922,41,ADD,0x0005,
1013356332,5,CELL_ALLOC,0x0029,slot=3 ch=5 dir=Receive
1013370418,5,SUCCESS,0x0029,
1013539601,41,CELL_ALLOC,0x0005,slot=3 ch=5 dir=Transmit
1024327214,10,LIST,0x0027,
1024440802,39,EOL,0x000a,
1024504449,26,LIST,0x0006,
1024545677,6,EOL,0x001a,
1033859718,1,LIST,0x0026,
1033995763,38,EOL,0x0001,
1035639661,7,LIST,0x0010,
1035720497,16,EOL,0x0007,
1035920963,7,ADD,0x0010,
1036036450,16,CELL_ALLOC,0x0007,slot=5 ch=14 dir=Receive
1036050431,16,SUCCESS,0x0007,
1036219982,7,CELL_ALLOC,0x0010,slot=5 ch=14 dir=Transmit
1051823282,37,LIST,0x000c,
1051950668,12,EOL,0x0025,
1090648769,22,LIST,0x0002,
1090701908,2,EOL,0x0016,
1094341061,30,LIST,0x0018,
1094475968,24,EOL,0x001e,
1096586060,31,LIST,0x0027,
1096687175,39,EOL,0x001f,
1104131898,21,LIST,0x0013,
1104272410,19,EOL,0x0015,
1106579963,7,LIST,0x0020,
1106910975,32,EOL,0x0007,
1111166140,32,LIST,0x0007,
1111486462,7,EOL,0x0020,
1111654960,32,LIST,0x0004,
1113211141,4,EOL,0x0020,
1113248835,25,LIST,0x001b,
1113376235,27,EOL,0x0019,
1113565778,32,ADD,0x0007,
1113692427,7,CELL_ALLOC,0x0020,slot=4 ch=4 dir=Receive
1113706417,7,SUCCESS,0x0020,
1113867375,32,CELL_ALLOC,0x0007,slot=4 ch=4 dir=Transmit
1122438372,38,LIST,0x0001,
1122721659,1,EOL,0x0026,
1124523248,30,LIST,0x0001,
1124856191,1,EOL,0x001e,
1124950206,34,LIST,0x0008,
1124989660,30,LIST,0x0026,
1125043910,8,EOL,0x0022,
1125181103,38,EOL,0x001e,
1125497494,30,LIST,0x000f,
1125811016,15,EOL,0x001e,
1126181594,30,ADD,0x0001,
1126747008,1,CELL_ALLOC,0x001e,slot=20 ch=2 dir=Receive
1126764812,1,SUCCESS,0x001e,
1127024602,8,LIST,0x0022,
1127119938,30,CELL_ALLOC,0x0001,slot=20 ch=2 dir=Transmit
1127226881,34,EOL,0x0008,
1128617815,19,LIST,0x001f,
1128857517,31,EOL,0x0013,
1129173510,16,LIST,0x0017,
1129726630,23,EOL,0x0010,
1129798083,12,LIST,0x0011,
1130101687,17,EOL,0x000c,
1132575357,23,LIST,0x0022,
1132869466,34,EOL,0x0017,
1147558668,17,LIST,0x000c,
1147711034,12,EOL,0x0011,
1155642801,5,LIST,0x0029,
1155736193,41,EOL,0x0005,
1163841427,32,LIST,0x0021,
1163866940,6,LIST,0x001a,
1163926791,33,EOL,0x0020,
1164182580,26,EOL,0x0006,
1175320080,4,LIST,0x0020,
1175432173,32,EOL,0x0004,
1177534681,33,LIST,0x000d,
1177629506,13,EOL,0x0021,
1178351527,18,LIST,0x0025,
1178416397,37,EOL,0x0012,
1179752020,9,LIST,0x001e,
1179918514,30,EOL,0x0009,
1188049328,35,LIST,0x0019,
1188181769,25,EOL,0x0023,
1193950255,13,LIST,0x001c,
1194191942,28,EOL,0x000d,
1198262240,28,LIST,0x0026,
1198612501,38,EOL,0x001c,
1204422528,30,DELETE,0x0001,
1204557657,1,SUCCESS,0x001e,
1232020527,40,LIST,0x000e,
1232081590,14,EOL,0x0028,
1232192940,20,LIST,0x0001,
1232462423,1,EOL,0x0014,
1243744315,29,LIST,0x0015,
1243787232,21,EOL,0x001d,
1243976462,29,ADD,0x0015,
1244103191,21,CELL_ALLOC,0x001d,slot=9 ch=13 dir=Receive
1244118483,21,SUCCESS,0x001d,
1245223622,29,CELL_ALLOC,0x0015,slot=9 ch=13 dir=Transmit
1253360472,27,LIST,0x0006,
1253633807,6,EOL,0x001b,
1265887166,26,LIST,0x000f,
1265943213,15,EOL,0x001a,
1267603066,2,LIST,0x0011,
1267746625,17,EOL,0x0002,
1271929842,31,LIST,0x0013,
1271972247,19,EOL,0x001f,
1274420721,30,ADD,0x0001,
1274516964,1,SUCCESS,0x001e,
1274859203,30,CELL_ALLOC,0x0001,slot=20 ch=2 dir=Transmit
1274872175,30,SUCCESS,0x0001,
1275145422,1,CELL_ALLOC,0x001e,slot=20 ch=2 dir=Receive
1277762268,1,LIST,0x0014,
1277808231,20,EOL,0x0001,
1305356628,10,LIST,0x0012,
1305563194,18,EOL,0x000a,
1314829414,12,LIST,0x0012,
1314977665,18,EOL,0x000c,
1323743698,14,LIST,0x0008,
1324074622,8,EOL,0x000e,
1325086953,38,LIST,0x0014,
1325207668,20,EOL,0x0026,
1330621087,25,LIST,0x0023,
1330727822,35,EOL,0x0019,
1330906990,15,LIST,0x001e,
1331269097,30,EOL,0x000f,
1332558907,24,LIST,0x001e,
1333043015,30,EOL,0x0018,
1333801594,23,LIST,0x0008,
1333878480,8,EOL,0x0017,
1333977819,8,LIST,0x0017,
1334508201,23,EOL,0x0008,
1336633490,19,LIST,0x0015,
1336724547,21,EOL,0x0013,
1351413178,11,LIST,0x0028,
1351450844,40,EOL,0x000b,
1355632706,17,LIST,0x0012,
1355772173,18,EOL,0x0011,
1363701045,7,LIST,0x0010,
1363759349,16,EOL,0x0007,
1368357259,18,LIST,0x000a,
1368532795,10,EOL,0x0012,
1370461181,22,LIST,0x0001,
1370508469,1,EOL,0x0016,
1375555596,28,LIST,0x000d,
1375617117,13,EOL,0x001c,
1390697311,5,LIST,0x0008,
1390838336,8,EOL,0x0005,
1396136707,39,LIST,0x000a,
1396269889,10,EOL,0x0027,
1397445110,6,LIST,0x001b,
1397553139,27,EOL,0x0006,
1398069446,21,LIST,0x001d,
1398139317,29,EOL,0x0015,
1398904560,35,LIST,0x000d,
1399087885,13,EOL,0x0023,
1408788855,41,LIST,0x0005,
1409090031,5,EOL,0x0029,
1411132498,4,LIST,0x0021,
1411339705,33,EOL,0x0004,
1414126642,16,LIST,0x0007,
1414203682,7,EOL,0x0010,
1414579928,34,LIST,0x0001,
1414822996,1,EOL,0x0022,
1414942840,34,LIST,0x0014,
1415270608,13,LIST,0x0023,
1415455735,34,LIST,0x0017,
1415463534,35,EOL,0x000d,
1416099730,20,EOL,0x0022,
1416408733,23,EOL,0x0022,
1416739933,34,ADD,0x0001,
1417039164,1,CELL_ALLOC,0x0022,slot=15 ch=1 dir=Receive
1417053133,1,SUCCESS,0x0022,
1417211782,34,CELL_ALLOC,0x0001,slot=15 ch=1 dir=Transmit
1422167536,33,LIST,0x0004,
1422228485,4,EOL,0x0021,
1428703720,27,LIST,0x0019,
1428843713,25,EOL,0x001b,
1443661636,32,LIST,0x0007,
1443755142,7,EOL,0x0020,
1448419574,20,LIST,0x0022,
1448539149,34,EOL,0x0014,
1450317984,1,LIST,0x0016,
1450428661,22,EOL,0x0001,
1464128662,30,LIST,0x0001,
1464429066,1,EOL,0x001e,
1466928403,37,LIST,0x0012,
1467170267,18,EOL,0x0025,
1474690972,10,LIST,0x0027,
1474894291,39,EOL,0x000a,
1479676824,40,LIST,0x0005,
1479724509,5,EOL,0x0028,
1496762533,17,DELETE,0x0016,
1496815854,22,SUCCESS,0x0011,
1500985890,2,LIST,0x0016,
1501294117,22,EOL,0x0002,
1504442175,34,DELETE,0x0001,
1504591398,38,LIST,0x001e,
1504607695,1,SUCCESS,0x0022,
1506024124,30,EOL,0x0026,
1506052111,8,LIST,0x000e,
1506184488,14,EOL,0x0008,
1507027510,15,LIST,0x0026,
1507129878,38,EOL,0x000f,
1509919431,14,LIST,0x0005,
1509964754,5,EOL,0x000e,
1511962249,12,LIST,0x0025,
1512004058,37,EOL,0x000c,
1519509881,9,LIST,0x0018,
1519564115,24,EOL,0x0009,
1524158500,3,LIST,0x0005,
1524289758,5,EOL,0x0003,
1524651136,3,LIST,0x0029,
1524769655,41,EOL,0x0003,
1524962234,3,ADD,0x0005,
1525086079,5,CELL_ALLOC,0x0003,slot=2 ch=1 dir=Receive
1525100169,5,SUCCESS,0x0003,
1525259761,3,CELL_ALLOC,0x0005,slot=2 ch=1 dir=Transmit
1526335316,24,LIST,0x0009,
1526494224,9,EOL,0x0018,
1534626999,26,LIST,0x0026,
1534684726,38,EOL,0x001a,
1541578088,31,LIST,0x0009,
1542155570,9,EOL,0x001f,
1548357342,7,LIST,0x0020,
1548395017,32,EOL,0x0007,
1549527134,29,LIST,0x0015,
1549986019,21,EOL,0x001d,
1585034797,33,LIST,0x0020,
1585084755,32,EOL,0x0021,
1585371165,39,LIST,0x001f,
1585399651,31,EOL,0x0027,
1586221206,17,LIST,0x0002,
1586344516,2,EOL,0x0011,
1590467654,4,LIST,0x0020,
1590605150,32,EOL,0x0004,
1598525560,5,LIST,0x0028,
1598629846,40,EOL,0x0005,
1604483062,34,LIST,0x0008,
1604614810,8,EOL,0x0022,
1604807237,34,ADD,0x0001,
1605088712,1,CELL_ALLOC,0x0022,slot=16 ch=3 dir=Receive
1605102683,1,SUCCESS,0x0022,
1605268239,34,CELL_ALLOC,0x0001,slot=16 ch=3 dir=Transmit
1621637604,23,LIST,0x0010,
1621790339,16,EOL,0x0017,
1625039705,19,LIST,0x001f,
1625309975,31,EOL,0x0013,
1630171708,6,LIST,0x0019,
1630295101,25,EOL,0x0006,
1646413922,18,LIST,0x0011,
1646745030,17,EOL,0x0012,
1652622747,20,LIST,0x0026,
1652660779,38,EOL,0x0014,
1660572651,35,LIST,0x0006,
1660881974,6,EOL,0x0023,
1663493135,22,LIST,0x0011,
1663689380,17,EOL,0x0016,
1665277236,25,LIST,0x0006,
1665721211,6,EOL,0x0019,
1665911282,13,LIST,0x0021,
1666040321,33,EOL,0x000d,
1666574867,1,LIST,0x0022,
1666670278,34,EOL,0x0001,
1669582240,15,LIST,0x001a,
1669670397,26,EOL,0x000f,
1672647524,32,LIST,0x0004,
1672820910,4,EOL,0x0020,
1677594629,28,LIST,0x0026,
1677734976,38,EOL,0x001c,
1691415101,38,LIST,0x000f,
1691555492,15,EOL,0x0026,
1698207441,27,LIST,0x0006,
1698412152,6,EOL,0x001b,
1705473180,26,LIST,0x0006,
1705580943,6,EOL,0x001a,
1707186430,37,LIST,0x000c,
1707228187,14,LIST,0x0028,
1707305590,40,EOL,0x000e,
1707305795,12,EOL,0x0025,
1714423980,9,LIST,0x001f,
1714550575,31,EOL,0x0009,
1725156734,41,LIST,0x0003,
1725260676,3,EOL,0x0029,
1729110672,8,LIST,0x0005,
1729206386,5,EOL,0x0008,
1741606370,34,LIST,0x0001,
1741799208,1,EOL,0x0022,
1745639639,10,LIST,0x0012,
1745938221,18,EOL,0x000a,
1750776317,1,ADD,0x0022,
1751038436,34,SUCCESS,0x0001,
1751262069,1,CELL_ALLOC,0x0022,slot=15 ch=13 dir=Transmit
1751275072,1,SUCCESS,0x0022,
1751411923,34,CELL_ALLOC,0x0001,slot=15 ch=13 dir=Receive
1756327178,21,LIST,0x0013,
1756647196,19,EOL,0x0015,
1759067334,30,LIST,0x0026,
1759131706,38,EOL,0x001e,
1781640747,31,LIST,0x0027,
1781812482,39,EOL,0x001f,
1782559682,40,LIST,0x000b,
1782591197,11,EOL,0x0028,
1798707424,24,LIST,0x0011,
1798846104,17,EOL,0x0018,
1804486318,34,DELETE,0x0001,
1804805170,1,SUCCESS,0x0022,
1806285127,39,LIST,0x000a,
1806367033,33,LIST,0x000d,
1806402925,10,EOL,0x0027,
1806686199,13,EOL,0x0021,
1812874873,6,LIST,0x0023,
1812996320,35,EOL,0x0006,
1816301485,23,LIST,0x0022,
1816441769,34,EOL,0x0017,
1817233538,11,LIST,0x0028,
1817339666,40,EOL,0x000b,
1819168504,5,LIST,0x000e,
1819297056,14,EOL,0x0005,
1822793026,17,LIST,0x0016,
1822842538,22,EOL,0x0011,
1826571952,16,LIST,0x0017,
1826827010,23,EOL,0x0010,
1830533718,35,LIST,0x0019,
1830636918,25,EOL,0x0023,
1830800740,25,LIST,0x001b,
1830951826,27,EOL,0x0019,
1831601104,1,LIST,0x001e,
1831761034,30,EOL,0x0001,
1836102808,12,LIST,0x0011,
1836350598,17,EOL,0x000c,
1849214278,4,LIST,0x0021,
1849517537,33,EOL,0x0004,
1854739794,32,LIST,0x0021,
1854892701,33,EOL,0x0020,
1855503672,18,LIST,0x000c,
1855671774,12,EOL,0x0012,
1863649553,38,LIST,0x001a,
1863712095,26,EOL,0x0026,
1879377234,3,LIST,0x0005,
1879699615,5,EOL,0x0003,
1881422785,2,LIST,0x0011,
1881686127,17,EOL,0x0002,
1905075201,34,LIST,0x0014,
1905127065,20,EOL,0x0022,
1915771364,7,LIST,0x0010,
1915958584,16,EOL,0x0007,
1916091365,20,LIST,0x0001,
1916340321,1,EOL,0x0014,
1925955143,22,LIST,0x0002,
1926088519,2,EOL,0x0016,
1929109968,27,LIST,0x0019,
1929232678,25,EOL,0x001b,
1934513935,34,ADD,0x0001,
1934606628,1,SUCCESS,0x0022,
1934731675,34,CELL_ALLOC,0x0001,slot=16 ch=5 dir=Transmit
1934744639,34,SUCCESS,0x0001,
1934922979,1,CELL_ALLOC,0x0022,slot=16 ch=5 dir=Receive
1940672565,19,LIST,0x0015,
1940722540,21,EOL,0x0013,
1948191811,26,LIST,0x000f,
1948243526,15,EOL,0x001a,
1950100642,10,LIST,0x0027,
1950232799,39,EOL,0x000a,
1953314611,29,LIST,0x0015,
1953819045,21,EOL,0x001d,
1955746325,8,LIST,0x0022,
1955979155,34,EOL,0x0008,
1975173350,14,LIST,0x0008,
1975502526,8,EOL,0x000e,
1978603577,9,LIST,0x001e,
1978652472,15,LIST,0x001e,
1978763496,30,EOL,0x0009,
1978809477,30,EOL,0x000f,
1988274081,30,LIST,0x000f,
1988453047,15,EOL,0x001e,
2011869634,35,LIST,0x000d,
2011913993,13,EOL,0x0023,
2025329217,5,LIST,0x0029,
2025457965,41,EOL,0x0005,
2030148587,31,LIST,0x0013,
2030183139,19,EOL,0x001f,
2038196431,1,LIST,0x0026,
2038372947,38,EOL,0x0001,
2044510781,34,DELETE,0x0001,
2044691159,1,SUCCESS,0x0022,
2054863273,25,LIST,0x0023,
2054918446,35,EOL,0x0019,
2058534708,33,LIST,0x0004,
2058586857,28,LIST,0x000d,
2058698908,4,EOL,0x0021,
2058854406,13,EOL,0x001c,
2061066455,17,LIST,0x0018,
2061218707,24,EOL,0x0011,
2062871892,23,LIST,0x0008,
2062943546,8,EOL,0x0017,
2071681302,18,LIST,0x0025,
2071763281,37,EOL,0x0012,
2081353381,12,LIST,0x0012,
2081528698,18,EOL,0x000c,
2087907388,38,LIST,0x001c,
2087993877,28,EOL,0x0026,
2093571809,2,LIST,0x0016,
2093663882,22,EOL,0x0002,
2093800350,6,LIST,0x001a,
2094078032,26,EOL,0x0006,
2096172232,24,LIST,0x001e,
2096383417,30,EOL,0x0018,
2098047224,41,LIST,0x0005,
2098315382,5,EOL,0x0029,
2102175836,39,LIST,0x001f,
2102318867,31,EOL,0x0027,
2103648158,4,LIST,0x0020,
2103744228,32,EOL,0x0004,
2105419431,32,LIST,0x0007,
2105580353,7,EOL,0x0020,
2123243248,13,LIST,0x001c,
2123439790,28,EOL,0x000d,
2124720215,20,LIST,0x0022,
2124849357,34,EOL,0x0014,
2129857352,7,LIST,0x0020,
2129889524,32,EOL,0x0007,
2133397150,37,LIST,0x0012,
2133715419,18,EOL,0x0025,
2140228603,40,LIST,0x000e,
2140540501,14,EOL,0x0028,
2142061638,21,LIST,0x001d,
2142175370,29,EOL,0x0015,
2147879080,15,LIST,0x0026,
2147994262,38,EOL,0x000f,
2153864224,30,LIST,0x0009,
2153978949,9,EOL,0x001e,
2161431991,3,LIST,0x0029,
2161539205,41,EOL,0x0003,
2165545054,8,LIST,0x0017,
2165634158,23,EOL,0x0008,
2177837569,16,LIST,0x0007,
2177919264,7,EOL,0x0010,
2184531209,34,LIST,0x0001,
2184835719,1,EOL,0x0022,
2185005343,34,LIST,0x0008,
2185164307,8,EOL,0x0022,
2185513199,34,LIST,0x0017,
2185644670,23,EOL,0x0022,
2185960489,34,ADD,0x0001,
2186093130,1,CELL_ALLOC,0x0022,slot=13 ch=11 dir=Receive
2186125237,1,SUCCESS,0x0022,
2186144658,22,LIST,0x0001,
2186380432,1,EOL,0x0016,
2186411570,34,CELL_ALLOC,0x0001,slot=13 ch=11 dir=Transmit
2193130029,14,LIST,0x0005,
2193205289,5,EOL,0x000e,
2202116291,11,LIST,0x0028,
2202586181,40,EOL,0x000b,
2211801311,26,LIST,0x0026,
2211939999,38,EOL,0x001a,
2224617830,30,DELETE,0x0001,
2224881461,1,SUCCESS,0x001e,
2232813017,27,LIST,0x0006,
2233397003,6,EOL,0x001b,
2235254955,30,ADD,0x0001,
2235581566,1,SUCCESS,0x001e,
2235928948,30,CELL_ALLOC,0x0001,slot=10 ch=9 dir=Transmit
2235941891,30,SUCCESS,0x0001,
2236108721,1,CELL_ALLOC,0x001e,slot=10 ch=9 dir=Receive
2244472288,33,LIST,0x0020,
2244550462,32,EOL,0x0021,
2256314683,5,LIST,0x0003,
2256354710,3,EOL,0x0005,
2264601393,41,LIST,0x0003,
2264710469,3,EOL,0x0029,
2265875887,35,LIST,0x0006,
2266362270,35,LIST,0x0019,
2266435089,25,EOL,0x0023,
2267576594,6,EOL,0x0023,
2267735900,35,ADD,0x000d,
2267861413,13,CELL_ALLOC,0x0023,slot=6 ch=4 dir=Receive
2267875377,13,SUCCESS,0x0023,
2268019025,35,CELL_ALLOC,0x000d,slot=6 ch=4 dir=Transmit
2274914594,18,LIST,0x000a,
2275109827,10,EOL,0x0012,
2284508398,34,DELETE,0x0001,
2284974266,1,SUCCESS,0x0022,
2287054525,25,LIST,0x0006,
2287144375,6,EOL,0x0019,
2291298422,20,LIST,0x0026,
2291485780,38,EOL,0x0014,
2306114596,12,LIST,0x0025,
2306290272,37,EOL,0x000c,
2308969422,1,LIST,0x0014,
2309126217,20,EOL,0x0001,
2312847745,17,LIST,0x000c,
2312905163,12,EOL,0x0011,
2317215722,23,LIST,0x0010,
2317315714,16,EOL,0x0017,
2323760093,31,LIST,0x0009,
2324315329,9,EOL,0x001f,
2333688091,40,LIST,0x0005,
2333845880,5,EOL,0x0028,
2335034118,35,DELETE,0x0006,
2335111869,6,SUCCESS,0x0023,
2336824367,8,LIST,0x000e,
2336995379,14,EOL,0x0008,
2337677255,32,LIST,0x0004,
2337791126,4,EOL,0x0020,
2344623912,30,DELETE,0x0001,
2344866608,1,SUCCESS,0x001e,
2350946235,29,LIST,0x0015,
2351043492,21,EOL,0x001d,
2351204901,30,LIST,0x0018,
2351341741,24,EOL,0x001e,
2355295529,30,LIST,0x0001,
2355570756,1,EOL,0x001e,
2355770912,30,LIST,0x0026,
2355895648,38,EOL,0x001e,
2356278745,30,LIST,0x000f,
2356375805,15,EOL,0x001e,
2356557036,30,ADD,0x0001,
2356831545,1,CELL_ALLOC,0x001e,slot=20 ch=2 dir=Receive
2356849342,1,SUCCESS,0x001e,
2357204469,30,CELL_ALLOC,0x0001,slot=20 ch=2 dir=Transmit
2360645528,19,LIST,0x001f,
2360840417,31,EOL,0x0013,
2361744248,9,LIST,0x0018,
2361880617,24,EOL,0x0009,
2365564929,35,LIST,0x000d,
2366126481,13,EOL,0x0023,
2369211265,22,LIST,0x0011,
2369294852,17,EOL,0x0016,
2370163108,10,LIST,0x0012,
2370271455,18,EOL,0x000a,
2381300295,6,LIST,0x001b,
2381620820,27,EOL,0x0006,
2383457702,28,LIST,0x0026,
2383655340,38,EOL,0x001c,
2389809661,13,LIST,0x0023,
2389915994,35,EOL,0x000d,
2392611297,38,LIST,0x0001,
2392818430,1,EOL,0x0026,
2399984588,24,LIST,0x0009,
2400169228,9,EOL,0x0018,
2402738495,15,LIST,0x001a,
2402830931,26,EOL,0x000f,
2406555550,34,LIST,0x0014,
2406610945,20,EOL,0x0022,
2420988809,26,LIST,0x0006,
2421101196,6,EOL,0x001a,
2429383418,27,LIST,0x0019,
2429456500,25,EOL,0x001b,
2437704632,2,LIST,0x0011,
2437980511,17,EOL,0x0002,
2449420936,21,LIST,0x0013,
2449656229,19,EOL,0x0015,
2464627610,30,DELETE,0x0001,
2464936032,1,SUCCESS,0x001e,
2467337921,5,LIST,0x0008,
2467522155,8,EOL,0x0005,
2473495005,14,LIST,0x0028,
2473557045,40,EOL,0x000e,
2498796549,4,LIST,0x0021,
2499056149,33,EOL,0x0004,
2499646029,32,LIST,0x0021,
2499702619,33,EOL,0x0020,
2506477852,8,LIST,0x0005,
2506632440,5,EOL,0x0008,
2506777300,25,LIST,0x001b,
2506947068,27,EOL,0x0019,
2514350287,37,LIST,0x000c,
2514507030,12,EOL,0x0025,
2523775275,7,LIST,0x0010,
2523921848,16,EOL,0x0007,
2527571326,1,LIST,0x0016,
2527736942,22,EOL,0x0001,
2533833573,20,LIST,0x0001,
2534052471,1,EOL,0x0014,
2539062585,17,LIST,0x0012,
2539227082,18,EOL,0x0011,
2546144264,18,LIST,0x0011,
2546392575,17,EOL,0x0012,
2555293581,28,LIST,0x000d,
2555457777,13,EOL,0x001c,
2562539731,19,LIST,0x0015,
2562720341,21,EOL,0x0013,
2564330356,3,LIST,0x0005,
2564507773,5,EOL,0x0003,
2566125325,22,LIST,0x0002,
2566168348,2,EOL,0x0016,
2577898554,31,LIST,0x0027,
2577972321,39,EOL,0x001f,
2595083101,40,LIST,0x000b,
2595147875,11,EOL,0x0028,
2595472545,39,DELETE,0x000a,
2595799498,10,SUCCESS,0x0027,
2598035145,39,LIST,0x000a,
2598313986,10,EOL,0x0027,
2600855591,15,LIST,0x001e,
2600938186,30,EOL,0x000f,
2606786476,2,LIST,0x0016,
2606953020,22,EOL,0x0002,
2609619251,13,LIST,0x0021,
2609787635,33,EOL,0x000d,
2615238571,33,LIST,0x000d,
2615616310,13,EOL,0x0021,
2616460765,6,LIST,0x0019,
2616567698,25,EOL,0x0006,
2616665288,12,LIST,0x0011,
2616913045,17,EOL,0x000c,
2620947108,38,LIST,0x0014,
2620987071,20,EOL,0x0026,
2623678370,35,LIST,0x0006,
2623813405,6,EOL,0x0023,
2628039414,24,LIST,0x0011,
2628226997,17,EOL,0x0018,
2643020046,9,LIST,0x001f,
2643177800,31,EOL,0x0009,
2645608496,21,LIST,0x001d,
2645697968,29,EOL,0x0015,
2669462115,34,LIST,0x0008,
2669638033,8,EOL,0x0022,
2684614148,30,LIST,0x0001,
2684792786,1,EOL,0x001e,
2688073982,4,LIST,0x0020,
2688223283,32,EOL,0x0004,
2693102031,26,LIST,0x000f,
2693219191,15,EOL,0x001a,
2693922369,25,LIST,0x0023,
2694058757,35,EOL,0x0019,
2694611006,16,LIST,0x0017,
2694658733,23,EOL,0x0010,
2695702929,41,LIST,0x0005,
2695795983,11,LIST,0x0028,
2695874750,40,EOL,0x000b,
2695880218,5,EOL,0x0029,
2699670104,23,LIST,0x0022,
2700002750,34,EOL,0x0017,
2704016737,5,LIST,0x0028,
2704138866,40,EOL,0x0005,
2708903956,20,LIST,0x0022,
2709013515,34,EOL,0x0014,
2713302043,17,LIST,0x0002,
2713423305,2,EOL,0x0011,
2714481100,1,LIST,0x0022,
2714638366,34,EOL,0x0001,
2718350659,10,LIST,0x0027,
2718463367,39,EOL,0x000a,
2722946300,29,LIST,0x0015,
2723055138,21,EOL,0x001d,
2744924314,30,LIST,0x0026,
2745089315,38,EOL,0x001e,
2745395978,30,LIST,0x000f,
2745553531,15,EOL,0x001e,
2745914367,30,LIST,0x0009,
2746033715,9,EOL,0x001e,
2746545026,30,LIST,0x0018,
2746663766,24,EOL,0x001e,
2746818127,30,ADD,0x0001,
2747172271,1,CELL_ALLOC,0x001e,slot=17 ch=13 dir=Receive
2747187174,1,SUCCESS,0x001e,
2747499366,30,CELL_ALLOC,0x0001,slot=17 ch=13 dir=Transmit
2754220231,14,LIST,0x0008,
2754904483,8,EOL,0x000e,
2770391836,8,LIST,0x0022,
2770574466,34,EOL,0x0008,
2780632971,31,LIST,0x0013,
2780683744,19,EOL,0x001f,
2816468621,6,LIST,0x0023,
2816594695,35,EOL,0x0006,
2824703765,30,DELETE,0x0001,
2824958777,12,LIST,0x0012,
2824978588,1,SUCCESS,0x001e,
2825099405,18,EOL,0x000c,
2827339137,18,LIST,0x000c,
2827454315,12,EOL,0x0012,
2828066808,27,LIST,0x0006,
2828325608,6,EOL,0x001b,
2830948927,37,LIST,0x0012,
2831136562,18,EOL,0x0025,
2839102223,13,LIST,0x001c,
2839440327,28,EOL,0x000d,
2852841735,7,LIST,0x0020,
2852969609,32,EOL,0x0007,
2856236687,3,LIST,0x0029,
2856284970,41,EOL,0x0003,
2864714681,25,LIST,0x0006,
2864855473,6,EOL,0x0019,
2864965799,38,LIST,0x001e,
2865105249,30,EOL,0x0026,
2866511292,33,LIST,0x0004,
2866680107,4,EOL,0x0021,
2869261344,22,LIST,0x0001,
2869612761,1,EOL,0x0016,
2872842535,35,LIST,0x0019,
2872980005,25,EOL,0x0023,
2888379614,1,LIST,0x001e,
2888593497,30,EOL,0x0001,
2889450688,32,LIST,0x0007,
2889616267,7,EOL,0x0020,
2904434119,26,LIST,0x0026,
2904480995,38,EOL,0x001a,
2909943058,20,LIST,0x0026,
2910004738,38,EOL,0x0014,
2911918783,23,LIST,0x0008,
2912040655,8,EOL,0x0017,
2941384509,17,LIST,0x0016,
2941732576,22,EOL,0x0011,
2944366275,21,LIST,0x0013,
2944516720,19,EOL,0x0015,
2947522473,10,LIST,0x0012,
2947674489,18,EOL,0x000a,
2953848522,39,LIST,0x001f,
2953935494,31,EOL,0x0027,
2959500637,19,LIST,0x001f,
2959974831,31,EOL,0x0013,
2965783330,5,LIST,0x000e,
2965950413,14,EOL,0x0005,
2969817930,14,LIST,0x0005,
2970001258,5,EOL,0x000e,
2975882488,4,LIST,0x0021,
2975956858,33,EOL,0x0004,
2976281589,15,LIST,0x0026,
2976450675,38,EOL,0x000f,
2984537052,34,ADD,0x0001,
2984916756,1,SUCCESS,0x0022,
2985256686,34,CELL_ALLOC,0x0001,slot=2 ch=13 dir=Transmit
2985269652,34,SUCCESS,0x0001,
2985374716,1,CELL_ALLOC,0x0022,slot=2 ch=13 dir=Receive
2990817395,40,LIST,0x000e,
2991046982,14,EOL,0x0028,
2992860354,34,LIST,0x0017,
2992995961,23,EOL,0x0022,
3001570269,18,LIST,0x0025,
3001650519,37,EOL,0x0012,
3008641937,12,LIST,0x0025,
3008745656,37,EOL,0x000c,
3013663907,41,LIST,0x0003,
3013786291,3,EOL,0x0029,
3030712442,2,LIST,0x0011,
3031130079,17,EOL,0x0002,
3035479948,8,LIST,0x0017,
3035521343,23,EOL,0x0008,
3055294036,13,LIST,0x0023,
3055366444,35,EOL,0x000d,
3062618841,16,LIST,0x0007,
3062761095,7,EOL,0x0010,
3064539751,34,DELETE,0x0001,
3064586769,1,SUCCESS,0x0022,
3079564149,38,LIST,0x000f,
3079621588,15,EOL,0x0026,
3104010348,37,LIST,0x000c,
3104191594,12,EOL,0x0025,
3110425735,25,LIST,0x001b,
3110491701,27,EOL,0x0019,
3112712954,9,LIST,0x001e,
3112772076,30,EOL,0x0009,
3120910470,24,LIST,0x001e,
3121065345,30,EOL,0x0018,
3124426054,17,LIST,0x0018,
3124501658,24,EOL,0x0011,
3124617776,27,LIST,0x0019,
3124666931,25,EOL,0x001b,
3126851911,1,LIST,0x0026,
3127021388,38,EOL,0x0001,
3127098190,26,LIST,0x0006,
3127186913,6,EOL,0x001a,
3130045870,5,LIST,0x0029,
3130171499,41,EOL,0x0005,
3134965701,30,LIST,0x0001,
3135246277,1,EOL,0x001e,
3141221664,11,LIST,0x0028,
3141296507,40,EOL,0x000b,
3161554585,10,LIST,0x0027,
3161671807,39,EOL,0x000a,
3167985363,29,LIST,0x0015,
3168468602,21,EOL,0x001d,
3171347291,33,LIST,0x0020,
3171437127,32,EOL,0x0021,
3174112648,31,LIST,0x0009,
3174188358,9,EOL,0x001f,
3181747889,7,LIST,0x0010,
3181953367,16,EOL,0x0007,
3183032858,14,LIST,0x0028,
3183092033,40,EOL,0x000e,
3185063391,28,LIST,0x0026,
3185334476,38,EOL,0x001c,
3191634903,6,LIST,0x001a,
3191859608,26,EOL,0x0006,
3210635890,35,LIST,0x000d,
3210951866,13,EOL,0x0023,
3213134992,3,LIST,0x0005,
3213417598,5,EOL,0x0003,
3228622575,32,LIST,0x0004,
3228767609,4,EOL,0x0020,
3233472589,18,LIST,0x000a,
3233669251,10,EOL,0x0012,
3251055362,8,LIST,0x000e,
3251132461,14,EOL,0x0008,
3254554379,34,LIST,0x0001,
3254847886,1,EOL,0x0022,
3255036571,34,LIST,0x0014,
3255078757,20,EOL,0x0022,
3255544383,34,LIST,0x0008,
3255708135,8,EOL,0x0022,
3256034225,34,ADD,0x0001,
3256110570,1,CELL_ALLOC,0x0022,slot=17 ch=6 dir=Receive
3256176250,1,SUCCESS,0x0022,
3256473507,34,CELL_ALLOC,0x0001,slot=17 ch=6 dir=Transmit
3267452891,15,LIST,0x001a,
3267512620,26,EOL,0x000f,
3286477667,38,LIST,0x001a,
3286578110,26,EOL,0x0026,
3287167974,25,LIST,0x0023,
3287208537,35,EOL,0x0019,
3291445227,4,LIST,0x0020,
3291618591,32,EOL,0x0004,
3293332580,19,LIST,0x0015,
3293512737,21,EOL,0x0013,
3294367517,22,LIST,0x0011,
3294457030,17,EOL,0x0016,
3299727806,12,LIST,0x0011,
3300153225,17,EOL,0x000c,
3300496969,23,LIST,0x0010,
3300652872,16,EOL,0x0017,
3313375773,40,LIST,0x0005,
3313503454,5,EOL,0x0028,
3314807311,30,LIST,0x0026,
3314928729,38,EOL,0x001e,
3315263167,30,LIST,0x000f,
3315392956,15,EOL,0x001e,
3315778756,30,LIST,0x0009,
3315873073,9,EOL,0x001e,
3316294414,30,LIST,0x0018,
3316341928,24,EOL,0x001e,
3316657747,30,ADD,0x0001,
3317015542,1,CELL_ALLOC,0x001e,slot=10 ch=14 dir=Receive
3317052556,1,SUCCESS,0x001e,
3317411738,30,CELL_ALLOC,0x0001,slot=10 ch=14 dir=Transmit
3327041236,5,LIST,0x0003,
3327213487,3,EOL,0x0005,
3330603622,9,LIST,0x0018,
3330680432,24,EOL,0x0009,
3345710066,21,LIST,0x001d,
3345799386,29,EOL,0x0015,
3351738266,39,LIST,0x000a,
3351799845,10,EOL,0x0027,
3355255440,20,LIST,0x0001,
3355590373,1,EOL,0x0014,
3363548377,2,LIST,0x0016,
3363588613,22,EOL,0x0002,
3364539833,34,DELETE,0x0001,
3364784127,1,SUCCESS,0x0022,
3381507605,41,LIST,0x0005,
3381635486,5,EOL,0x0029,
3383368094,34,LIST,0x0017,
3383433400,23,EOL,0x0022,
3385207728,34,ADD,0x0001,
3385254184,1,CELL_ALLOC,0x0022,slot=17 ch=0 dir=Receive
3385268253,1,SUCCESS,0x0022,
3385624710,34,CELL_ALLOC,0x0001,slot=17 ch=0 dir=Transmit
3387523500,1,LIST,0x0014,
3387694573,20,EOL,0x0001,
3390395953,14,LIST,0x0008,
3390588219,8,EOL,0x000e,
3396286651,32,LIST,0x0021,
3396349089,33,EOL,0x0020,
3397551907,13,LIST,0x0021,
3397608771,33,EOL,0x000d,
3398908651,35,LIST,0x0006,
3399034415,6,EOL,0x0023,
3401320898,17,LIST,0x000c,
3401388603,12,EOL,0x0011,
3411100280,37,LIST,0x0012,
3411365225,18,EOL,0x0025,
3413226354,6,LIST,0x001b,
3413469649,28,LIST,0x000d,
3413524502,13,EOL,0x001c,
3413568904,27,EOL,0x0006,
3419699394,7,LIST,0x0020,
3419824564,32,EOL,0x0007,
3421113613,24,LIST,0x0009,
3421240697,9,EOL,0x0018,
3424766301,30,DELETE,0x0001,
3425065584,1,SUCCESS,0x001e,
3428485664,8,LIST,0x0005,
3428683492,5,EOL,0x0008,
3450942788,16,LIST,0x0017,
3451294589,23,EOL,0x0010,
3479992314,31,LIST,0x0027,
3480139422,39,EOL,0x001f,
3482752303,3,LIST,0x0029,
3482831858,41,EOL,0x0003,
3483632444,40,LIST,0x000b,
3483769778,11,EOL,0x0028,
3484552356,34,DELETE,0x0001,
3484859930,1,SUCCESS,0x0022,
3487364325,38,LIST,0x001c,
3487549841,28,EOL,0x0026,
3494890889,22,LIST,0x0002,
3494929150,33,LIST,0x000d,
3494944265,2,EOL,0x0016,
3495099332,13,EOL,0x0021,
3499933955,26,LIST,0x000f,
3500260831,15,EOL,0x001a,
3514001624,12,LIST,0x0012,
3514167264,18,EOL,0x000c,
3537814640,9,LIST,0x001f,
3537949601,31,EOL,0x0009,
3574848324,1,LIST,0x0016,
3574954785,22,EOL,0x0001,
3575019660,15,LIST,0x001e,
3575324904,30,EOL,0x000f,
3583500524,27,LIST,0x0006,
3583706698,6,EOL,0x001b,
3588980548,20,LIST,0x0022,
3589130365,34,EOL,0x0014,
3596525896,37,LIST,0x000c,
3596690238,12,EOL,0x0025,
